Country,ISO3166,1980,1981,1982,1983,1984,1985,1986,1987,1988,1989,1990,1991,1992,1993,1994,1995,1996,1997,1998,1999,2000,2001,2002,2003,2004,2005,2006,2007,2008,2009,2010,2011,2012,2013,2014,2015,2016
Afghanistan,AFG,0,0,0,0,0,0,0,0,0,0,0,0,0,0,0,0,0,0,0,0.75,0,0,0,0,0,0,0,1.4,0,0,1.4,1.2,0,1,1,0,1
Albania,ALB,0.2,0,0,0,0,0.2,0,0,0,0,0,0,0,0,0,0,0.7,0,0,0,0,0,1.1,0,0,0,0,0,0,0,0,0,1,1,0,0,0
Algeria,DZA,0,0.2,0,0,0,0,0,0,0,0,0,0,0,0,0,0,0,0,0,0.75,0,0,0,0,0,0,1.5,0,0,0,0,0,0,0,0,0,1
Andorra,AND,0,0,0,0.2,0.2,0,0,0,0,0.5,1.05,0,0,0,0,0,0,0,0,0.9,0,0,0,0,0,0,0,0,1.2,0,0,0,0,0,0,1,0
Angola,AGO,0,0,0,0,0,0,0.3,0,0,0,0,0,0,0,0,0,0,0,0,0,0,0,0,0,0,1.25,0,0,0,0,0,0,0,1,0,0,0
Antigua and Barbuda,ATG,0,0,0.2,0,0,0,0,0,0,0,1.2,0,0,0,0,0.75,0,0.7,0,0,0,0,0.9,0,1.25,0,0,2.7,0,0,1.45,2.4,1,0,0,1,0
Argentina,ARG,2.2,0.8,2.6,0.6,0.4,4,8.85,12.2,24.35,12.3,32.75,14.45,9.4,11.5,14.75,10.3,14.2,17.55,15.75,29.5,21.2,15.3,8.95,25.95,20.3,39.15,57.25,49.45,58.6,108.8,107.3,85,73,58,59,70,193
Armenia,ARM,0,0,0,0,0,0,0,0,0,0,0,0,0,0,0,0,0.75,0,0,0,0,0,0,1.1,1.2,0,0,0,0,0,0,0,2,0,0,0,2
Australia,AUS,73.8335,60.895,43.7905,44.7925,46.303,44.975,68.2255,97.8695,126.6215,94.2845,87.036,104.4305,90.922,99.3385,92.14,108.791,143.7025,146.881,146.1395,142.582,150.6055,143.277,143.4915,161.2525,202.7845,208.4595,199.2095,208.149,191.6455,184.406,189.0935,179.882,177.83,179.7,194.27,210.12,215.99
Austria,AUT,4.6,2,4.2,6.4,4.4,4,8.4,6.5,5.9,6.2,7.95,7.5,10.2,2.5,9.95,12.15,10.95,7.6,10,10.8,21.15,12.55,12.5,10.25,17.85,33.55,26.25,25.85,28.1,14.55,42.95,25.85,32,28,29,32,37
Azerbaijan,AZE,0,0,0,0,0,0,0,0,0,0,0,0,0,0,0,0,0,0,0,0,0,0,0,0,0,1.45,0,0,0,0,0,0,0,0,1,0,0
Bahamas,BHS,0.6,0,0.4,0.2,0.2,0,0.2,0.4,1.3,0.55,1.05,0,1,0.65,0,1.3,0.7,0.7,0,3.4,0,2.1,1.9,1.05,1.2,0,1.3,1.35,0,0,6.15,1,0,2,4,3,1
Bahrain,BHR,1,0.6,1,1.8,2.2,1.2,1,0,0.4,1,0,0.55,1.1,1.75,1.8,0.75,3.1,0,3.55,0.85,0,0,0,1.5,0,0,1.1,3.95,2.7,2.45,1.2,2,4,1,0,1,2
Bangladesh,BGD,0.2,0.2,0.2,0.4,0,1,0,1.1,1.1,0,0,0.55,0,2.4,17.3,8.05,3.35,4.85,4.4,1.85,3,3.35,2.2,6.2,1.45,4.4,5.15,1.15,3.85,8.5,11.9,4.6,8,5,5,5,2
Barbados,BRB,0.4,1,1.2,0.6,1,1.2,1.05,0.5,0.55,0.5,0.45,0.5,0.5,0.45,0,2.1,4.95,1.65,2.3,1.8,0.9,0.95,1.95,0,3.65,1.45,1.25,4,2.7,4.2,1.65,1.2,2,0,2,0,1
Belarus,BLR,0,0,0,0,0,0,0,0,0,0,0.5,0,0,0,0,0,0,0,0,0,0,0,0,0,0,1.15,1.4,0,0,0,1.4,1.2,0,0,0,0,0
Belgium,BEL,2,0.6,1,1.8,0.6,1.4,1.65,3.7,1.35,1.1,3.95,2.7,4.2,1.8,3.7,4.55,4,4.5,6.4,3.2,2.65,7.05,2.9,4.75,5.85,3.85,9.7,9.8,9.6,4.7,5,5.4,6,10,7,15,14
Belize,BLZ,0,0,0,0.2,0,0,0.2,0,0,0,0,0.55,0,0,1.3,0,0.85,0,0,0,0,0,0,1.15,0,0,1.3,0,1.65,0,0,0,0,0,3,0,4
Benin,BEN,0,0,0,0.2,0,0,0,0,0,0,0,0,0,0.55,0,0,0,0,0,0,0,0,0,0,1.25,0,0,0,0,0,0,0,0,0,0,0,0
Bhutan,BTN,0,0,0,0,0,0,0,0,0,0,0.45,0,0,0,0,0,0,0.7,0,2.7,0,0,1.1,2.3,1.25,0,2.6,2.7,1.4,1.35,0,0,4,4,4,6,4
Bolivia,BOL,0,0.2,0,0,0.2,0,0.3,0,0,1,0,0.4,0,1.25,2.75,0,1.65,2.25,0,1.5,1.75,1.9,1.75,3.75,2.3,1.4,5,2.7,2.65,4.25,2.65,3.85,9,6,5,6,8
Bosnia and Herzegovina,BIH,0,0,0,0,0,0,0,0,0,0,0,0,0,0,0.65,0.55,0.8,2.3,2.15,1.8,0.95,0.95,0.9,1,2.4,1.3,1.25,1.1,0,0,1.2,2.4,1,2,0,0,3
Botswana,BWA,0.2,0,0.2,0,0.2,0,0.25,0.65,1,0.55,0,0.55,1.15,0,0.65,0.75,0.9,4.05,3.05,2.45,1.7,2,2.85,2.3,1.25,3.85,7,2.5,9.1,5.15,5.25,6.5,8,15,3,8,14
Brazil,BRA,2.4,4.4,2.8,1.8,2.2,3.2,8,6.5,9.1,7.45,5.35,4.85,5.05,7.2,9.45,10.2,9.5,12.95,17.1,17.35,15.15,13.5,14.4,21.65,32.65,34.6,34.65,42,35.9,58.6,58.15,48.75,54,39,74,50,109
Brunei Darussalam,BRN,1.4,1.4,3,2.2,2.4,2.6,1.45,2.2,1.55,2.45,3.85,4.15,2.2,3.25,2.35,7.35,8.85,9.2,4.15,3.5,6.55,5.8,3.15,2.95,7.6,8.05,6.35,8.6,12.05,7.95,7.1,10.8,3,4,5,2,1
Bulgaria,BGR,0.6,0.2,0.4,0.2,0.2,0.2,0.2,0,0,0,0,0,0.55,0,0,0,0,0,0.65,1.6,1.05,0,0.95,4,1.3,3.8,6.4,5.35,1.4,2.35,1.45,4.2,7,9,5,5,6
Burkina Faso,BFA,0,0,0,0,0,0,0,0,0,0,0,0,0,0,0,0,0,0,0,0,0,0,0,0,0,0,0,0,0,0,0,0,0,0,0,0,1
Burma (Myanmar),MMR,0,0,0.4,0,1,0,0.25,0,0,0,0,0,0.6,0.55,1.95,0,0.9,3.6,0.85,5.15,4.95,2.1,2,2.45,5.1,9.15,9.25,8.6,1.45,2.45,4.6,8.15,23,21,16,31,39
Burundi,BDI,0,0,0.2,0,0,0,0,0,0,0,0,0,0,0,0,0,0,0,0,0,0,0,0,0,0,0,0,1.4,0,0,0,0,0,0,0,0,0
Cambodia,KHM,0,0,0,0,0,0.4,0,0,0,0,0,0.55,0.6,1.7,0.65,3.7,0.8,2.5,3.5,5.9,11.05,17.3,17.65,14.2,33.4,35.4,25.15,39.65,47.95,65.15,66.8,67.55,74,93,102,144,111
Cameroon,CMR,0,0,0,0,0,0,0,0,0,0,0,0,0,0,0,0.75,0,0,0,0,0,0,0,0,0,1.4,0,0,0,0,0,0,1,0,0,0,0
Canada,CAN,89.2,77.4,69.4,69,76.6,77.6,176.9,174.85,217,238.6,227.45,155.9,147.75,184.25,193.4,229.5,237.8,264.7,233.45,272.1,300.6,222.5,219.1,239.55,280.8,321.35,300.25,358.8,443.8,390.95,337.15,357.4,394,427,456,455,539
Cape Verde,CPV,0,0,0,0,0,0,0,0,0,0,0,0,0,0,0,0,0,0,0,0,0,0,0,0,0,0,0,0,0,0,0,0,1,0,0,0,0
Central African Republic,CAF,0,0,0,0,0,0,0,0,0,0,0,0,0,0,0,0,0,0,0,0,0.95,0,0,0,0,0,0,0,0,0,0,0,0,0,0,0,0
Chad,TCD,0,0,0,0,0,0,0,0,0,0,0,0,0,0.55,0,0,0,0,0,0,0,0,0,0,0,1.65,0,0,0,0,0,0,0,0,0,0,0
Chile,CHL,1.2,1.4,1.6,1.6,1.4,1.4,2.65,2.8,2.65,4.1,7.7,4.65,2.95,7.9,10.4,7.45,5.85,7.7,12.7,13.1,10.75,9.25,9.95,16.1,27.3,12.15,36.55,28.15,40.6,42.5,30.4,45.4,39,35,44,44,54
'China People''s Republic of',CHN,10,22,21.8,24,38.2,40,46.05,55.8,54.4,32.45,31.1,34.5,32.8,44.35,63.5,58.65,70.2,84.65,111.9,126.85,168.15,291.35,500.95,551.15,731.75,788.9,734.3,821.35,861.9,785.15,946.55,954.75,861,905,918,1120,1264
Colombia,COL,0.2,0,0.2,0.2,0.2,0.6,0.9,0.8,0,0,0,0,0.6,0,2.45,0.8,0,0,0.8,0.75,2,1.05,0,1.3,1.25,2.4,1.3,1.15,1.4,2.75,5.7,4.2,9,4,11,14,13
Comoros,COM,0,0,0,0,0,0,0,0,0,0,0,0,0,0,0,0,0,0,0,0,0,0,0,0,0,0,0,0,0,0,1.45,0,0,0,0,0,1
Congo,COD,0,0,0,0,0.2,0,2.4,0,5.85,0,0.6,0,0,0,0,0,0,0,0,0,0,0,0,0,0,0,0,0,0,0,0,0,0,0,0,0,0
Congo the Democratic Republic of the,COG,0,0,0,0.2,0.2,0,0,0.3,0,0,0,0,0,0,0,0.7,0.65,0.85,0,0,0,0,0,0,0,0,0,0,0,0,0,0,0,0,0,0,0
Costa Rica,CRI,0,0.6,0,0,0,0.2,0.25,0,0,0,0.45,1.15,0,0.6,0,1.6,0.8,0.85,2.45,4.6,0.75,0.85,1.05,3.45,2.5,7.45,10.7,2.6,7.85,6.35,1.65,8.85,7,8,19,17,17
'Cote d''Ivoire',CIV,0,0,0.4,0,0,0,0,0,0,0,0,0,0,0,0,0,0,0,0.8,0,0,0,0,0,1.2,2.65,0,0,0,0,0,0,0,0,1,0,1
Croatia,HRV,0,0,0,0,0,0,0,0,0,0,0,0,0,1.75,2.3,3.7,7.2,5.35,8.6,6.15,12.6,14.15,12.6,16.4,15.2,26.7,38.3,41.7,46.1,38.5,33.1,41.2,70,63,82,76,90
Cuba,CUB,0,0,0,0,0,0.2,0,0,0,0,1.05,0.6,0.6,0,0,1.3,0.8,1.6,0,0,4.65,1.05,4.35,5.65,7.4,5.1,10.55,10.85,5.55,6.95,6.6,11.35,15,13,15,41,59
Cyprus,CYP,0.4,1.4,0.4,0.6,1.4,1,2.15,1.35,1.4,1,1.65,1.1,1.05,2.5,0.55,1.35,1.6,1.65,0.65,3.25,0.95,0.95,0.95,1.85,1.2,5,3.75,0,6.4,2.45,1.45,1,3,5,2,2,5
Czech Republic,CZE,0,0,0,0,0,0,0,0,0,0,0,0,0,0.6,2.4,2.75,2.35,2.25,3.9,5,5.6,2,2.7,8.95,6.05,6.35,2.5,4.75,7.1,8.9,15.65,10.45,25,22,13,18,19
Denmark,DNK,3.4,4.8,4.2,2.6,4,4.8,6.8,8.95,3.75,8.05,5.55,5.75,6.8,4.1,6.1,6.45,5.75,5.7,6.8,6.3,4.75,5,8.55,6.35,9.85,9.15,18.3,11.3,14.6,6.4,12.3,16.65,15,9,11,20,19
Djibouti,DJI,0,0,0,0,0,0,0,0,1.4,0,0,0,0,0,0,0.55,0,0,0,0,0,0,0,0,0,0,0,0,0,0,0,0,0,0,0,0,0
Dominica,DMA,0.2,0,0,0,0,0,0,0,0,0,0,0,0,0,0,0,0,0,0,0,0,0,0,0,0,0,0,0,0,0,0,0,0,0,0,0,0
Dominican Republic,DOM,0,0,0,0,0,0,0,0,0,0,0.6,0,0,0,0,0,0,0,0,0,0,0,0,0,0,1.35,1.05,0,2.6,0,0,3.4,1,1,2,0,2
Ecuador,TMP,0.6,0,0.8,0,0.8,0,0.3,0.7,0,0,0,1.1,1.05,2.7,0.7,2.1,1.5,1.55,4.1,8.8,5.6,2.75,5,2.4,3.65,2.6,8.25,7.6,14.2,10.35,11.25,5.2,8,11,18,19,24
Egypt,ECU,1.2,1.8,1.2,1.8,2.6,2.2,2.25,4.8,9.05,7.75,5.55,2.7,12.75,4,10.95,16.5,15.1,17.45,10.9,10.6,26.55,15.6,11.8,21.4,26.25,30.8,37.15,57.5,81.5,57.9,79.9,18.7,25,13,17,13,13
El Salvador,EGY,0.2,0,0,0,0,0,0.25,0,0.4,0,0,0,0.6,0,0,0,0,0.85,0,0,0,0,0,0,0,0,0,1.15,0,0,0,1,0,1,0,0,0
Equatorial Guinea,SLV,0.2,0,0,0,0,0,0,0,0,0,0,0,0,0,0,0,0,0,0,0,0,0,0,1,0,0,0,0,0,0,0,0,0,0,0,1,0
Eritrea,GNQ,0,0,0,0,0,0,0,0,0,0,0,0,0,0,0,0,0,0.8,0,0.75,0,0,0,0,0,0,2.55,0,0,0,0,0,0,0,0,0,0
Estonia,ERI,0,0,0,0,0,0,0,0,0,0,0,0,0,0,0,0.55,0,0,0,0,0,0,0,0,0,0,0,1.3,2.75,0,0,0,1,1,0,0,2
Ethiopia,EST,0,0,0,0,0.2,0.2,0,0,0.55,0,0,0,0,0.7,0.7,1.3,2.3,1.55,0,0,0,0,1.2,0.85,0,1.45,0,1.4,1.3,1.25,1.3,1,5,4,2,6,6
Fiji,ETH,1166.25,1015.8,840.8,651.8,626.2,481.45,677.05,508.9,664.95,920.45,1006.6,993.05,1324.75,1423.15,1913.15,2014.1,2253.85,2401.6,2490.6,2521.55,1627.6,2268.15,2376.8,2452.65,3519,3858.85,3537,3240,3342.4,3021.95,3125.15,3305.65,3393,3593,4313,4939,5220
Finland,FJI,1.2,0.4,0.6,0.2,1.2,1,1.55,2.95,0.85,2.35,1.1,1.35,3.35,2.15,1,3.05,3.1,4.9,0,6.7,2.35,4.1,0,3.1,0,6.1,8.6,1.15,4.25,3.7,0,3.2,10,2,5,9,4
France,FIN,12.4,15.8,16.6,20.6,22.6,24.65,25.65,40.15,35.9,49.65,51.9,42.5,62.05,70.7,77.65,91.8,84.95,116.6,141.6,144.4,181.1,160.05,196.65,203.05,269.9,287.25,291.05,576.6,427.7,315.8,412.55,386.55,433,463,518,536,500
Gabon,FRA,0,0,0,0,0,0,0,0,0,0,0,0,0,0,0,0,0,0,0,0,0,0,0,0,0,0,0,0,0,0,0,0,1,0,0,0,0
Gambia,GAB,0.2,0,0,0,0,0.2,0.3,0,0,0,0,0,0,0,0,0,0,0,0,0,0,0,0,0,0,0,0,0,0,0,0,0,0,0,0,0,0
Georgia, The",0,0,0,0,0,0,0,0,0,0,0,0,0,0,0.55,0,0.85,0,0,0,0,0,0,1.1,0,0,0,0,0,0,0,2.2,3,0,2,3,1
Germany,GEO,15,17.05,20.6,19,19.6,22.4,27.85,45.75,41.25,43.8,52.2,32.5,41.4,57.65,56.35,56.6,62.35,69.1,59.3,58,72.4,57.55,53.7,60.65,79.55,68.5,100.3,87.8,124.2,125.75,138.9,136.15,149,160,145,168,184
Ghana,DEU,0,0,0,0,0,0,0,0,0,0,0,0,0,0,0,0.8,0,0,0,0.7,0,1.05,2.05,1,2.5,0,0,1.3,1.55,1.55,1.4,1,1,1,0,0,0
Greece,GHA,16.4,14.6,19.2,16.2,14,16.6,20.55,20.75,24.5,19.25,26.75,19.9,17.3,21.7,26.85,22.85,31.7,32.25,38.2,36.55,54.25,56.45,27.55,47.05,54.05,72.55,78.25,81.55,71.1,66.5,90.05,62.8,66,95,100,106,102
Grenada,GRC,0,0,0,0,0,0,0,0,0,0.55,0,0,0,0.7,0,0,0,0,0.95,1.75,0.95,0,0,0,1.25,0,0,5.4,0,0,0,0,0,2,0,0,0
Guatemala,GRD,0.2,0,0,0.2,0,0,0,0.55,0.45,0,0,1.2,0,0,0,0,0,0.85,0.85,1.8,1.6,2.1,2.05,1.15,2.5,1.25,0,0,0,1.25,1.45,2.2,3,3,5,5,9
Guinea,GTM,0,0,0,0,0,0,0.5,0,0,0,0,0,0,0,0,0,0,0,0,0,0,0,0,0,0,0,0,0,0,0,0,0,0,0,0,0,0
Guinea-Bissau,GIN,0,0,0,0,0,0,0,0,0,0,0,0,0,0,0,0,0,0,0,0,0,0,0,0,0,0,0,0,0,0,0,0,0,0,0,0,0
Guyana,GNB,0,0,0,0,0,0,0,0.3,0,0.5,0,0,0,0,0,0,0,0,0,0,0,0,0,0,0,1.3,0,0,0,0,0,0,0,0,0,2,0
Haiti,GUY,0,0,0,0,0,0,0,0,0,0,0,0,0,0,0,0,0.85,0,0,0,0.75,0,0.85,0,0,0,0,0,0,0,1.2,0,0,0,0,0,0
Honduras,HTI,0,0,0,0,0,0,0,0,0.55,0,0,0,1.05,0,1.15,0,0,0,0,0,0.95,2,2.4,0,0,0,1.4,0,0,0,0,0,0,1,0,2,1
Hong Kong (Special Administrative Region),HND,92.2,104,112.8,188.6,236,192.2,221.6,350.2,351.55,291.55,341.5,389.2,428.05,472.25,420.25,387.35,486.85,510.4,498.5,338.35,348.7,300.45,254.4,195.25,252.2,270.35,301.15,303.95,344.6,261.95,266.15,275,247,254,233,225,280
Hungary,HKG,0.8,0.8,1.6,1,2,1.2,0.25,2.7,1.4,3.85,2,1,1.55,3,3,2.5,0.8,4.45,3.15,2.6,4.65,2.85,3.7,3.2,7,1.15,4.75,5.2,9.35,9.65,6.3,5.6,7,11,10,13,21
Iceland,HUN,0,0,0.2,0,0.4,0,0,0.9,0,0,0,0,0,0,0,0,0,0.85,0,0,0,0,0,1.05,0,3.85,2.4,1.15,1.3,2.7,3.8,4.7,6,3,3,4,7
India,ISL,18.6,27.6,33.2,35.8,34.6,41,43.5,61.8,55.5,58.25,70.75,58.2,50.95,71.05,66.65,83.45,101.85,99.75,117.1,102.5,108.7,128.75,106.4,169.9,209.8,253.35,287.55,317.45,338.3,294.25,325.25,340.95,426,448,443,499,686
Indonesia,IND,27.6,32.8,39.45,48.4,41.4,38,41.45,68.15,114.65,380.1,562.55,533.65,467.35,741.95,587.95,620.6,699.3,746,813.9,752.55,674.8,641.55,564.7,338.65,484.9,465.05,351.2,318.3,347.4,405.3,509.05,596.4,690,920,1457,1591,1944
Iran,IDN,0.4,0.2,0,0,0,0.4,0,0,0,0.55,1.6,1.15,1.55,0,0.7,2.05,2.5,2.5,0,0,1,2.85,0,3.3,3.4,2.45,7.7,5.2,10.75,6.6,8.2,3,3,8,8,10,11
Iraq,IRN,0.4,0.2,0.2,0,0,0.2,0,0,0.55,0,0,0,0,0,0,0,0,0.8,0,0.85,0,0,1.1,0,0,0,1.4,0,1.3,1.3,1.2,1,4,2,0,1,0
Ireland,IRQ,9.4,5.6,8.6,7.8,11.6,10.2,12.65,10.9,9.9,24.2,12.3,13.1,17.1,25.15,34.45,28.4,32.5,48.6,52.1,47.65,50.6,51.2,52.2,53,71.4,65.95,73.4,72.75,80.9,66.95,59.25,93.25,85,80,91,80,97
Israel,IRL,5.2,4.6,5.6,7.6,8.8,8.8,4.05,9.25,8.05,12.95,8.5,6.6,10.85,13.1,9.35,14.8,20.25,14.05,17.6,16.9,18.15,4.85,11.15,7.65,6.8,18.5,16.35,17.35,25.4,18.7,29.5,14.4,26,32,26,30,29
Italy,ISR,11.2,14.8,12.6,12.8,13.4,13.8,22.85,26.9,22.4,30.35,38.15,29.15,29.75,39.45,61.7,87.8,91.75,108.75,135.65,138.6,176.95,203.25,188.2,175,269.9,288,342.3,361.9,357.8,312,347.85,452.8,393,481,547,589,536
Jamaica,ITA,0.4,0.2,0.2,0.2,0,0,0.25,1.2,0,0.5,0.55,1.15,1.05,0,1.9,0.75,0.85,1.8,2.3,0,0.8,2,4.5,6.65,1.25,1.65,0,2.7,1.2,3.75,1.2,2.7,2,0,2,2,2
Japan,JAM,44.4,85.6,126,122.8,135.6,137,136,265.9,128.25,149.85,134.95,151.4,181.3,198.65,177.3,190.1,228.8,206.95,202.05,186.25,174.75,185.55,203.5,166.55,205.45,204.1,192.5,253.7,289.65,286.55,301.5,232,300,361,446,622,748
Jordan,JPN,0,0,0,0,0.2,0.2,0,0.4,0,1,0,0,0.5,1.35,1.75,0.55,2.5,0.8,0,1.65,3.8,0,0,0,6.15,1.45,2.8,0,5.35,7.45,6.4,3.7,8,6,3,4,5
Kazakhstan,JOR,0,0,0,0,0,0,0,0,0,0,0,0,0,0,0,0,0,0.7,0,0,0,1.9,0,1,0,0,0,0,0,2.35,2.4,3.4,1,2,0,0,2
Kenya,KAZ,1.8,2.6,3.8,1.6,0.6,1.8,2.4,7,8,6.35,9.55,3.65,7.5,7.05,5.1,4.05,5.05,6.6,4.8,4.5,2.85,3.9,8.05,3.25,6.25,6.55,16.2,12.3,10.5,5.4,18.85,12.3,23,24,10,20,22
Kiribati,KEN,0.4,0.8,0.6,0,0.8,0.6,1.65,2.1,0.95,0.55,0.45,1.1,0.6,0.6,2.05,4.35,4,2.25,0.8,1,2,1.05,0,0.85,1.25,0,2.55,0,4.3,0,5.8,1.4,3,3,2,9,6
Kuwait,KIR,0,0.2,0.4,0,0.2,0,0.6,0,0.55,0,0,0,0.6,0.55,0,0,0,0.7,0,0,0.95,0,0,1.3,1.2,2.8,0,0,1.55,4.15,1.2,5.4,4,2,1,5,4
Kyrgyzstan,KWT,0,0,0,0,0,0,0,0,0,0,0,0,0,0,0,0,0,0,0,0,0,0,0,0,1,0,0,0,0,0,0,1,1,0,2,1,2
Laos,KGZ,0,0,0,0,0,0,0,0,0.55,0,0,0,0,0.55,1.5,1.35,1.7,3.9,7.15,2.6,6.75,8.1,4.25,2.15,5.15,6.75,4.1,8.1,8.55,11.8,5.95,13.5,15,17,15,13,15
Latvia,LAO,0,0,0.2,0,0,0.2,0,0,0,0,0,0,0,0,1.15,0.65,0,1.7,0.8,0,0,0,0,0,2.55,0,0,1.3,1.4,0,1.4,1.2,1,0,1,0,0
Lebanon,LVA,0.8,0,0,0,0,0,0,0,0,0,0,0,0,0,2,1.2,1.7,0.85,0.8,0,1.7,0,0.95,0,4.1,0,1.3,1.35,0,1.3,1.2,2.4,2,1,0,1,1
Lesotho,LBN,0,0,0,0.2,0,0.2,0,0,0,0,0,0,0.55,0,0,0,0,0,0,0,0,0,0,0,0,0,0,0,0,0,0,0,0,0,1,0,0
Liberia,LSO,0,0,0,0,0,0,0,0,0,0,0,0,0,0,0,0,0,0,0,0,0,0,0,0,0,0,1.4,0,0,1.35,0,0,0,0,0,0,0
Libya,LBR,0,0,0,0.2,0.2,0,0,0,0,0,0,0,0,0,0,0,0,0,0,0,0,0,0,0,0,0,0,0,0,1.35,0,0,0,0,0,0,0
Liechtenstein,LBY,0,0,0,0,0,0.2,0,0,0,0,0,0,0,0,0,0,0,0,0,0,0,0,0,1,0,0,0,0,0,0,0,0,0,0,0,0,1
Lithuania,LIE,0,0.2,0,0,0,0,0,0,0,0,0,0,0,0,0,0,0,0,0,0,0,0,3.05,1.05,0,1.25,1.25,0,3.45,0,1.2,1,1,3,0,1,0
Luxembourg,LTU,0,0,0,0,0.2,0.2,0,0,0,0,0,0,0,0,1.35,0.7,0.85,0.85,0.8,0,1.9,0,0,0,1.2,0,0,1.35,1.2,1.1,1.3,1,0,0,0,2,1
Macedonia,LUX,0,0,0,0.2,0,0.2,0.25,0.4,0,0,1.9,1.1,3.95,3.55,1.15,0.55,3.25,6.05,3.15,6.65,1.9,0,3.2,1.1,1,0,0,5.55,3.95,3.95,4.15,4.2,5,2,2,2,6
Madagascar,MKD,0.4,0,0,0,0,0,0,0,0,0,0,0.4,0,0,0.75,0,0,0,0.8,0,0,0,0,0,0,1.15,1.05,1.35,0,1.1,0,2,1,1,2,2,4
Malawi,MDG,0,0,0.2,0.2,0,0.2,0,0,0,0,0,0,0,0,0,0,0.85,0.8,0,0.85,0,0.95,1.75,0,1.2,0,0,1.55,0,2.2,0,0,3,3,0,4,2
Malaysia,MWI,45.8,41.4,47.2,45.2,47.6,45,61.7,70.45,86,91.95,132.5,126.35,162.2,200,208.3,231.35,247.5,205.6,228.25,243.55,273.25,208.7,166.15,185.45,246.25,286.95,299.05,283.9,322.7,294.25,309,496.25,338,260,311,282,320
Maldives,MYS,0,0.2,0,0.2,0,1.8,2.2,2.45,1.8,2.05,0,1.35,2.3,0.6,1.9,1.85,1.5,0.7,2.85,4.3,5.85,3.9,3.1,9.75,6.1,5.25,7.7,11.4,14.65,5.5,8,14.5,11,22,19,24,18
Mali,MDV,0,0,0,0,0,0,0,0,0,0,0,0,0,0,0,0,0,0,0,0,0,0,0,0,0,3.8,0,0,0,0,0,0,0,2,0,2,2
Malta,MLI,0,0.4,0.4,0.4,0.2,0.8,0.3,0.4,0.9,0.45,0.6,0.5,0.5,0.6,0,0,1.55,0,1.8,0,0,0,0,1.6,0,1.35,1.1,0,1.45,3.6,5.5,2.2,5,1,1,6,3
Marshall Islands,MLT,0,0,0,0,0,0,0,0,0,0,0,0,0,1.15,0,0.8,0,0,1.7,0,0,0,0,0,1.45,1.35,0,0,1.45,0,0,0,0,0,0,0,0
Mauritania,MHL,0,0,0,0,0,0,0,0,0,0,0,0,0,0,0,0,0,0,0,0,1,0,0,0,0,0,0,0,0,0,0,0,0,0,0,0,0
Mauritius,MRT,0.2,0.2,0.8,0.6,0.4,0.8,0.25,0,0,1,2.6,0,0,1.6,0,3,2.3,0.7,0.95,1.75,0.95,0,3.8,3.45,3.9,6.6,3.65,6.75,8.55,2.95,14.65,4.2,4,3,8,11,5
Mexico,MUS,8.2,4.2,5,6,3,2.2,4.15,7.2,4.95,8.1,9.85,7.75,9.45,16.1,8.4,13.9,11.4,23.25,19.65,20.45,15.35,17.5,17,27.6,30.7,46.25,43.95,38.9,48.05,45.2,43.15,42.9,54,67,98,112,135
Micronesia,MEX,1.2,0.6,0.4,0.4,0.2,0.8,0.45,0,0,0,2.2,1.1,0,1.1,1.2,1.4,1.5,0.7,0.95,0.85,0,0,0,0.85,0,0,0,0,0,0,4.3,1,0,0,2,0,1
Moldova,FSM,0,0,0,0,0,0,0,0,0,0,0,0,0,0,0,0,0,0,0.8,0,0,0,0,0,0,0,0,0,0,0,0,0,0,1,0,0,0
Monaco,MDA,0,0,0.4,0,0,0.2,0.45,0,0,0,0,0,0,0,0,0,0,1.65,0.8,0,0.8,1.05,0,0,0,0,0,1.1,1.45,0,0,0,0,0,0,0,0
Mongolia,MCO,0,0,0,0,0,0,0,0,0,0,0,0,0,0,0.5,0,0.65,0.8,1.5,1.6,2.7,2.55,1.7,2.85,1.45,3.7,2.3,1.15,3.5,0,2.6,5,8,9,1,4,6
Montenegro,MNG,0,0,0,0,0,0,0,0,0,0,0,0,0,0,0,0,0,0,0,0,0,0,0,0,0,0,0,0,0,0,1.3,0,0,1,2,0,1
Morocco,MNE,0,0.2,0,0,0,0,0.2,0,0.45,0.5,0,0,1.65,0.6,0.75,0,1.65,0.8,3.1,1.75,2.45,2.95,2.95,2.85,1.1,7.75,5.1,13.7,13.6,18.95,13.4,10.9,10,20,18,18,20
Mozambique,MAR,0,0,0,0,0,0,0,0,0,0,0,0,0,0,0,0.75,0,0,0.7,0,0,0,0,0,0,0,1.25,0,0,1.1,1.3,1,0,2,0,2,0
Namibia,MOZ,0,0,0,0,0,0,0,0,0.4,0,0,1.1,0.55,0,1.9,1.95,0.8,2.8,3.1,3.05,3.6,0.85,4.8,6.4,2.5,8.7,8.75,6.5,12.1,12.05,9.25,8,4,11,12,12,19
Nauru,NAM,1.6,1.2,0,0,0.8,0.6,1.05,1.05,0.45,0.9,0.55,0.95,2.8,3.15,1.3,0.55,0.85,0.85,0,0,0,0,0,0,0,0,0,1.35,0,0,0,0,0,0,0,0,0
Nepal,NRU,4.2,7.4,8.2,8.6,11.4,8.4,10.85,13.45,19.6,16.85,25.7,17.15,15.95,23.45,24.2,28.1,22.85,29.9,31.4,23.25,39.5,26.5,25.7,20.8,14.7,14.8,24.15,19.9,35.85,35.8,42.25,45.6,49,60,55,60,77
Netherlands,NPL,42,31.6,47.2,44.8,51.2,54.4,58.65,75.15,53.4,67.1,74.2,53,48.35,37.15,56.85,51.45,53.8,42.15,53.15,61.8,56.2,37.15,34.6,37.3,47.8,48.95,48.1,53.2,57.55,58,55.4,54.95,71,51,74,66,73
New Zealand,NDL,0,0,0,0,0,0,0,0,0,0,0,0,0,0,0,0,0,0,0,0,0,0,0,0,3,0,4.9,7.2,1.15,0,0,4.15,0,0,1,7,0
Nicaragua,NZL,0,0,0,0,0.2,0,0.3,0,0,0.55,0,0,0,0,0,0,0,0,0,0,0,0,0,0,0,0,0,0,0,0,0,0,1,2,5,2,1
Niger,NIC,0,0,0,0,0,0,0,0,0,0,0,0,0,0,0,0,0,0,0,0,0,0,0,0,0,0,0,0,0,0,0,0,0,0,0,0,0
Nigeria,NIU,0.8,0,0,0.2,0.2,0.2,0.6,0.5,0,0,0.55,0,0,0,0,0,0,0,0.95,0,0,0,0,1,1,0,0,0,2.7,0,1.65,0,0,1,2,0,1
North Korea,NGA,0.2,0.2,1,0,0,0,0.25,0.4,0,0,0,0,0,0.65,0,0,0,6.6,1.7,2.5,0,0,0,0,0,0,0,0,0,0,0,0,0,0,0,0,0
Norway,PRK,0.2,2,2.2,1.6,1.2,2,3.2,5.25,1.35,3.65,3.6,3.2,3.2,1.55,9.85,4.95,4.1,5.7,5.5,3.5,10.05,2.85,8.75,10.35,5.4,10.95,7.65,10.25,11.75,6.6,8,11.6,21,17,19,26,24
Oman,NOR,0.2,0.4,0.2,0.4,0.6,1.4,1.15,1.8,2.6,1.55,0,0,0,0.55,0.7,0.75,1.8,0.8,0.8,0,3.2,0.95,0,3.55,1,2.7,2.6,4.15,11,2.75,6.4,3,4,10,3,4,3
Pakistan,OMN,0.4,0.6,0.4,0.8,1.6,1,1.8,2.25,3.05,2.5,0,0.95,0,0,3,2.35,3.1,4.1,1.75,3.6,3.6,4.95,2.3,3.5,6.85,5.5,6.45,4.05,1.4,2.9,2.9,6.1,5,6,4,4,6
Palau,PAK,0,0,0,0,0,0,0,0,0,0,0,0,0,0,0,0,0,0,0,0,0,0,0,0,2.2,1.25,0,1.35,0,0,0,1,2,1,3,5,1
Panama,PLW,0,0,0,0.2,0,0,0,0,0,0.55,0,0,0.55,0,0,0,0,0.85,0.8,0.85,0,0,0,0,0,1.45,2.6,3.55,0,0,1.65,3,3,2,2,2,3
Papua New Guinea,PAN,15.6,21,25.6,22.2,15.2,17.8,20.25,20.4,12.9,13.85,10.1,7.95,7.65,11.65,9.65,12,14.05,16.65,14.2,8.55,10.4,10.65,5.2,4.3,2.5,16.05,8.85,8.75,9.75,5.2,9.85,14.75,17,16,15,17,25
Paraguay,PNG,0.2,0,0,0,0,0,0.2,0,0,0,0,0,0,0,0.6,0.75,0,0.85,0,0.9,0.75,0,0,0,0,0,0,0,0,1.35,0,0,0,0,0,0,0
Peru,PRY,2.8,3,1.6,2.4,1.4,2.6,2.65,4.65,5.45,3.9,4.4,3.4,1.75,3.7,2.6,4.85,8.65,11.75,15.2,18.2,14.2,15.55,22.25,25.85,25.15,33.9,48.7,40.2,41.05,63.65,48.05,52.45,55,55,80,84,103
Philippines,PER,13.4,12.6,14,17.4,22.4,22.6,26.15,28.55,30.45,32.95,39.65,26.35,34.25,33.25,45.4,37.75,43.85,46.4,52.05,55.9,52.85,45.75,54.95,52.4,62.75,81.5,81.1,86.75,141.4,150.9,225.4,247.4,255,298,336,382,506
Poland,PHL,0,1.2,0.2,0.6,0.4,0.2,0.25,1.45,0.4,0.45,1.9,0.55,2.2,2.8,3.35,3.5,5.35,3.8,0.95,0.7,5,7.2,4.7,2.1,9.5,9,7,3.75,12.6,2.45,16.4,12.4,15,17,7,8,19
Portugal,POL,0.6,0.6,0.6,1,1.2,1.2,1.1,1.4,2.35,0.5,1.9,1.1,1.6,1.55,4.6,4.95,3.3,0.85,5.5,4.15,9.4,8.75,7.25,3.9,14.5,11.7,12.8,12.5,14.2,15.1,20.05,16.5,7,20,26,28,44
Qatar,PRT,0,0.6,0.2,0,0,0.4,0.45,0,0,0,0,0,1.1,0.55,0.65,0.55,0,0.8,0.8,1.85,0,2.85,3.05,1.15,0,4.25,1.5,1.35,1.45,5.3,1.3,0,3,2,4,2,3
Romania,QAT,0,0.2,0,0,0.2,0.6,0.2,0.4,0,0,2.1,3.55,0,0,0,0,1.4,0,4.25,1.6,0.95,0.95,0.95,4.8,6.4,3.8,8.45,7.55,8.05,4.95,4,6.2,6,11,9,9,13
Russia,ROU,0,0,0,0,0,0,0,0,0,0,0,0,0,4.8,6.65,3.6,9.15,5.8,16.05,8.2,7.8,13.6,19.85,17.05,21.55,30.95,23.4,26.95,43.35,25.85,22.1,31.2,34,37,44,31,36
Rwanda,RUS,0,0,0,0,0,0,0,0,0.55,0,0,0,0,0,0,0,0,0,0,0,0,0,0,0,0,0,0,1.1,0,1.35,0,1,1,1,2,0,1
Saint Kitts and Nevis,RWA,0.2,0,0,0,0,0,0,0,0,0,0,0,0,0.6,0,0,0,0,0,0,0,0,0,0,0,0,0,1.15,0,0,0,0,0,0,0,0,0
Saint Lucia,KNA,0,0,0,0.2,0,0,0.25,0,0,0,0,0,0,0.65,0,0,0,0,0,0,0,0,0,0,0,0,0,1.35,0,0,1.4,0,0,2,1,1,0
Saint Vincent and the Grenadines,LCA,0.2,0,0,0.2,0.2,0,0.2,0.3,0,0,0,0,0,0,0,0,0,0,0,0,0,0,0,0,1.25,0,0,1.35,0,1.35,0,0,0,0,0,0,0
Samoa,VCT,97,78.15,89,85.6,89,120,141.7,154.9,172,169.95,134.6,133.15,124.65,165.6,168.3,184.2,206.95,168.05,183.1,231.95,240.25,233.25,189.55,219.3,319.9,463.95,587.4,730.95,786.65,810.8,919.95,845.8,983,879,919,991,1063
San Marino,WSM,0,0,0,0,0,0.2,0,0,0,0,0,0,0,0,0,0,0,0,0,0,0,0,0,0,0,0,0,0,0,0,0,0,0,0,0,0,0
Sao Tome and Principe,SMR,0,0,0,0,0,0,0,0,0,0,0,0,0,0,0,0,0,0,0,0,0,0,0,0,0,0,0,0,0,0,0,0,0,0,0,0,0
Saudi Arabia,STP,0.2,1.6,1.2,1,0.6,0.4,1.25,0.7,0.55,0.9,0,0.55,2.9,0.55,2.6,1.6,1.65,0.8,2.6,2.6,0.95,4.95,5.15,6.45,8.05,6.5,11,9.7,15.6,36.6,53.2,60.55,51,38,39,32,27
Senegal,SAU,0,0,0,0,0,0,0,0,0,0,0,0,0,0,0,0,0,0,0,0,0,0,0,0,0,0,0,1.35,0,0,0,0,0,0,0,0,0
Serbia,SEN,0,0,0,0,0,0,0,0,0,0,0,0,0,0,0,0,0,0,0,0,0,0,0,0,0,0,0,0,1.3,2.6,4.05,2,4,2,2,6,7
Seychelles,SRB,0.4,0.2,0.2,0,0,0,0,0,0,0,0,0,0,0,0,1.4,0.65,0.85,2.3,0,1,1.05,0,1.1,1.2,5.5,0,2.8,1.4,1.3,2.6,1.45,2,2,0,0,1
Sierra Leone,SYC,0,0,0,0,0,0,0,0,0,0,0,0,0.6,0,0,0,0,0,0,0,0,0,0,0,0,0,0,0,0,0,0,0,0,0,0,0,0
Singapore,SLE,252.4,241.4,209,290.8,219.45,123.2,209.6,323.1,375.7,458.65,231.65,160.55,158.1,168.25,212.7,190.65,197.9,221.8,283.5,301.1,292.9,223.35,183.85,141.35,202.05,200.9,303.15,200.5,180.5,179.3,168.2,369.8,261,279,270,363,413
Slovakia,SGP,0,0,0,0,0,0,0,0,0,0,0,0,0,0.65,0,0,0,0,0,0,0,0.85,0,0,1.25,0,0,2.5,1.15,8.1,2.6,1.2,0,0,3,1,2
Slovenia,SVK,0,0,0,0,0,0,0,0,0,0,0,0,0,0,0.5,0.55,0,0,0.8,0.9,0.75,0,0,0,3,1.4,0,1.1,4.15,1.25,0,2.2,2,1,1,2,3
Solomon Islands,SVN,6,7.2,5.8,9.4,6.6,9.2,8.05,9.95,8.35,8.1,16.55,29.05,25.1,19.05,33.05,33.3,49.25,40.4,33.8,11.45,4.9,10.95,2.9,7.1,5.1,4,9.55,6.75,7,9.75,14.15,6,8,11,8,13,13
Somalia,SLB,0.4,0.4,0,0,0,0,0.3,0,0,0,0,0.5,0,0,0,0,0,0,0,0,0,0,0,0,0,0,0,0,0,0,0,0,0,0,0,1,2
South Africa,SOM,18.8,29.6,35.4,27.4,20.6,38.4,30.25,22.5,20.6,22.9,31.2,24.15,70.2,24.75,46.05,146.55,174.85,104,95.5,98.25,105.5,89.25,114.7,127.15,151.7,166.3,176.75,192.5,171.95,177.65,246.65,185.5,199,188,203,157,173
South Georgia and the South Sandwich Islands,ZAF,0,0,0,0,0,0,0,0,0,0,0,0,0,0,0,0,0,0.85,0,0,0,0,0,0,0,0,0,0,0,0,0,1,1,0,0,1,0
South Korea,KOR,0.4,0.6,1,1.4,2.2,4.8,2.85,3.65,20.05,5.3,7.55,7.05,12.85,19.55,35.65,53.3,83.2,103.45,74.4,86.7,89.85,90.25,125.55,163.35,133.4,181.15,147.75,142.8,158.45,112.6,129.85,167.45,132,108,144,161,188
South Sudan,SSD,0,0,0,0,0,0,0,0,0,0,0,0,0,0,0,0,0,0,0,0,0,0,0,0,0,0,0,0,0,0,0,0,0,0,0,0,0
Spain,ESP,2,1.6,10.8,1.8,4.2,4.4,4.6,6.5,9.55,8.35,6.8,14.05,33.8,8.7,17.5,18.45,40.4,31.2,37.75,50.9,46.95,59.8,67.65,59.15,90.5,100.45,122.45,182.25,99.3,113.1,122.5,129.6,158,178,230,240,263
Sri Lanka,LKA,7.8,5.6,6,6.8,4.2,5.6,5.5,7.1,4,4.05,5.85,10.9,7.5,12.3,11.35,11.75,9.9,13.35,13.65,17.25,10.75,21.4,26.2,36.8,22.35,30.7,36.4,31.15,42.75,36,54,59.9,64,67,75,88,110
Sudan,SDN,0.2,0,0,0.4,0,0,0.25,0,0,0,0,0,0,0,0,0,0,0,0,0,0,0,0,0,0,1.45,0,0,0,0,0,0,0,0,0,0,0
Suriname,SUR,0,0,0,0,0,0,0,0,0,0,0,0,0,0,0,0,0,0.85,0,0,0,0,0,0,0,0,0,0,0,0,2.65,0,0,0,0,0,0
Swaziland,SWZ,0.2,0,0,0,0,0,0,0,0,0,0,0,0,0,0,0,0.7,0,0,0,0,0,0,0,1.45,0,0,0,0,0,0,0,0,1,0,0,0
Sweden,SWE,2.4,2.6,1.4,2.4,3.6,3.2,5.2,6,6.85,6,6.7,5.1,4.8,7.45,4.7,12.9,12.3,8.1,15.6,11.05,9.15,1.7,8.55,18.05,19.3,17.5,15.8,16.9,14.55,10.4,9.1,16.6,21,21,20,23,22
Switzerland,CHE,11.6,11.4,10.6,12.6,16.4,14.6,16.9,20.6,21.6,14.3,19.65,21.2,16.8,24.6,22.9,20.45,26.2,31,23.3,19.05,27.1,34.05,24.95,32.55,35.6,34,57.35,47.6,60.3,33.8,36.15,36.5,45,54,37,45,53
Syria,SYR,0.2,0,0,0,0,0,0,0,0,0.5,0,0,0.5,0,0,0,0,0,1.5,0,1.75,0,1.1,0,2.5,1.65,7.95,0,2.5,4.95,3.05,4.3,0,0,0,0,0
Taiwan,TWN,2,3.6,5,3.4,2.4,4.6,7.15,10.45,9.45,22.3,38.1,61.45,83.75,97.65,126.85,149.05,191.75,212.95,218,221.8,211.25,157.6,122.65,113.6,126.3,132.3,99.1,102.95,117.3,86.15,118.35,96.35,89,82,73,82,93
Tajikistan,TJK,0,0,0,0,0,0,0,0,0,0,0,0,0,0,0,0,0.85,0,0,0,1,0,0,0,0,0,0,0,0,0,0,1,0,0,1,0,0
Tanzania,TZA,0.4,0.4,0,0.2,0.6,0.8,0.4,1.7,0.55,1,2.6,0.55,0.55,0,0.65,0.55,2.4,1.7,1.6,1.7,0.9,1.8,1.85,3.65,7.2,8.15,10.05,12.05,13.85,9.1,29.6,16.2,19,23,25,8,28
Thailand,THA,12.85,14,17,21.8,21.4,32.05,45.8,92.45,175.85,300.1,265.45,169.2,145.55,237.2,233.9,245.9,235.6,284.25,449.85,439.4,598,594.85,539.75,482.75,707.1,820.2,933.55,1010.9,965.05,1064.1,991.7,1320.95,1476,1542,1391,1593,1616
Togo,TGO,0,0,0,0,0,0,0,0,0,0,0,0,0,0.55,0,0,0,0,0,0,0,0,0,0,0,0,0,0,1.15,0,0,0,0,1,0,0,0
Tonga,TON,49.25,35,32.3,48.4,48.8,59.8,92.2,102.2,122.75,110.7,94.15,108.8,144.2,173.4,175.7,164.25,127.35,131.45,121.4,137.15,136,135.9,108.95,165.1,211.3,162.2,256.2,285.05,342.85,275.7,307.05,296.55,267,318,378,373,457
Trinidad and Tobago,TTO,0.8,0.2,0.2,0.4,0.2,0,0.25,0,0,0,0,0,1,0,0.6,0.75,0.75,2.65,0,0,0,1.2,0,2.45,0,0,0,1.6,1.3,0,2.75,2,0,0,1,1,1
Tunisia,TUN,0,0,0,0,0,0,0,0,0,0,0,0,0,0.45,0,0,0,0.8,0,0,2,0,0,0,2.5,0,0,2.75,0,1.35,1.3,0,0,0,0,1,0
Turkey,TUR,0,0,0,1,0.4,2.4,2.95,4.7,9.95,10.8,12.25,4.7,15.45,15.7,21.75,25.9,32.9,37.05,48.4,28.7,35.25,60.6,53.65,24.4,28.1,47.5,58.5,76.95,77.9,53.2,73.05,88.6,88,103,92,160,30
Turkmenistan,TKM,0,0,0,0,0,0,0,0,0,0,0,0,0,0,0,0,0,0,0,0,0,0,0,0,0,0,0,0,0,0,0,0,0,0,0,0,0
Tuvalu,TUV,0.2,0.2,0.2,0.6,0.2,0.4,0.8,0,0.95,2.05,0.6,0,0.6,0.6,0,1.3,0.85,0.8,0,0,2.1,2.85,3.2,0,1.1,0,1.3,0,0,0,0,1,2,1,5,4,5
Uganda,UGA,0,0,0,0,0,0,0,0,0,0,0,0,0,0,0,0.65,0,0,0,0,0.95,0,0,0,3.35,5.65,1.3,2.75,2.7,2.2,5.55,5.4,2,7,7,2,7
Ukraine,UKR,0.8,0,0,0,0,0,0,0,0,0,0,0,1.05,0,0,1.5,0,0.85,1.65,0.85,0,0.95,1.95,0,3.4,5.45,2.6,1.4,1.35,3.95,1.4,3.2,8,7,2,6,4
United Arab Emirates,ARE,0.6,1.8,1,1.8,1.4,1.4,0.95,0,2.45,0,1.05,2.95,1.6,1.25,2.5,6.8,4.15,7.15,11,10.1,8.9,7.6,12.4,14.35,22.9,47.85,45.8,51.4,49.95,55.65,67.3,53.65,51,52,50,53,67
United Kingdom,GBR,978.4,644.45,718.45,749.2,891,918.6,1098.1,1405.75,1060.35,1196.9,1232.65,914.95,772.95,879.3,1015.75,1180.35,1232.95,1400.15,1333.5,1415.95,1272.75,944.3,979.15,1017.15,1189.65,1291.95,1301,1364.7,1387.3,1160.15,1315.05,1317.5,1396,1355,1261,1595,1386
United States of America,USA,1499.9,1520.4,1397.45,1119.6,1027.55,833.65,1519.75,2161.6,2249.85,2538.9,2921.3,1998.6,2029.8,1609.15,1475.6,2015.75,2257.95,2296.15,1771.6,1669.5,1531.7,1022.05,1051.95,1235.75,1506.5,1792.95,1678.6,1891.5,1907,1746.2,2126.85,2477.35,3026,3930,4569,5020,5668
Uruguay,URY,1.2,0,0,0,0,0.4,0,0,0.55,0.55,0,0,0.65,0.65,0.7,1.3,0,0.85,0.7,0,1.9,0,0.85,0,0,1.45,1.1,1.55,1.55,3.8,2.95,7.6,0,2,3,6,4
Uzbekistan,UZB,0,0,0,0,0,0,0,0,0,0,0,0,0,0,0,0,0.8,1.65,2.5,0,0,0.95,0,0,2.35,2.6,2.15,0,0,2.35,3.95,0,2,7,3,0,3
Vanuatu,VUT,55,54.2,52.8,41.2,34.8,24.2,17.15,25.6,23.7,48.45,230.9,270.05,240.95,225.8,210,232.1,207.3,221.9,212.35,238.2,272.05,221.6,251.15,278.3,253.85,255.35,331.3,428.5,487.55,430.6,424.5,395.4,478,650,730,588,445
Venezuela,VEN,0,0.4,0.2,0.6,0,0,0,0.5,0,0,0.55,0,0.55,0,1.2,1.55,0.85,1.65,0.8,0,2,0,0,0,1.45,4.05,1.4,0,0,1.55,0,4.15,1,3,1,0,0
Viet Nam,VNM,0,0,0,0.2,0.2,0.2,0,0,1.1,0,0.6,1.15,2.9,5.85,14.8,23.75,33,38.35,34.1,28.85,38.05,62.3,92.65,71.35,141.55,182.2,211.4,249.45,308.4,261.45,296,376,430,409,563,586,920
Yemen,YEM,0,0,0,0,0,0.2,0.25,0,0,0,0,0,0,0,0,0,0,0.85,0.7,0,0,0,0,0,0,0,0,0,1.4,0,0,0,0,0,0,0,0
Zambia,ZMB,0.4,0,0.6,0,0.2,0.4,0.25,0.6,0.45,0.5,0.45,0,0.6,0.6,2.85,2.35,0.8,0,1.6,2.6,0,1.9,0,0,3.6,2.9,0,0,1.2,2.45,5.55,4.2,4,3,1,2,2
Zimbabwe,ZWE,0.8,1.6,1.4,1.2,2.4,1,3,2.8,5.55,3.1,8,3.7,4.4,3.6,5.55,8.55,7.5,9.6,11.35,22.8,2,3.7,5.55,1,3.7,12.8,2.35,5.55,1.2,7.75,7.25,8.5,9,8,3,5,5
